phi_1,phi_2,dist,delfi2,dpmfi1,dpmfi2,dvel,v_err,feh,feh_err,Source
-2.7371626776432234,3.0009554316402878,9.61769684112795,3.956278965004455,-1.8951336168310584,1.0687117755369202,-17.65684542418626,2.280023683118693,-2.204943285995639,0.0651452579258204,DESI
-3.561989311811036,4.792662848826019,9.534486463057103,5.674953576181864,-0.5683692410398828,-1.6195056821036424,25.92489734997281,8.61171217107867,-1.630865821702006,0.2205401316190896,DESI
-4.938735518765154,-0.6695149460665776,9.400400676368523,0.0924279006962192,-0.1295295879915716,0.2019893043620042,1.2841187371973888,3.3395064700437875,-2.322876614814526,0.1394649889124452,DESI
-4.59577459450761,-1.1635238886659205,9.433249315014704,-0.371819601058485,0.1934704689446631,0.0441477037062828,-3.8939083769452623,3.315066522801521,-2.5134912164039425,,DESI
-5.225428717494609,-1.073064411791673,9.373219361349726,-0.3358723125869997,-0.7321039744056232,0.0332430022992166,6.932306576552463,3.472961846911671,-2.9999999860504944,0.0979752033358234,DESI
-5.862693566908828,-0.73264529333567,9.313698160166387,-0.0500107717424731,-0.3705625132249226,0.0014140434523815,-18.75984408227255,3.3529914344830734,-2.9933213840420603,0.1474464757774923,DESI
-6.080970755314071,-0.7129651496838588,9.293592993157734,-0.0488604616065083,-0.2488120111824336,0.0702348674440286,-6.785076670227738,3.317339625498787,-2.7500001516594152,0.0804945709479817,DESI
-7.116514570661874,-0.4699269573876981,9.200143383190884,0.1074995434807888,0.1535229159732241,0.3415554561119864,-7.714841094802637,11.441147988095343,-2.750000012913812,0.1865376924898574,DESI
-7.558002554824825,-0.1702168564812724,9.161260485954672,0.3709352219676027,-1.634278504814814,-0.0701555785192481,-3.748553748842852,2.999217549550059,-2.880311992754977,0.0853722619092664,DESI
-7.264990446783314,-1.8068997624977772,9.187003439720204,-1.2417208319978648,-0.0059271901620876,0.0266329851549557,-1.4012836756035227,2.024383344291611,-2.54245613856117,,DESI
-7.653727614117896,-0.6278512601269709,9.15290437405465,-0.0945062534199622,-0.0189567679233837,0.0973051281929536,-6.761396012163473,4.434278318171399,-2.632378150517376,0.1179739050734223,DESI
-8.09710894490428,-0.402368533167521,9.114544603118215,0.0950985304934775,0.5257045240488765,0.3245231530582981,9.149034095774963,9.848358301820554,-2.999999934983058,0.2166615560023856,DESI
-8.234587886230292,-0.4121203363605301,9.102764826476143,0.0743196345815842,-0.0514857130723624,-0.0185503939087667,-3.97448376854895,3.775124158443773,-2.81185786470851,,DESI
-7.999221469087038,-0.6755165568164476,9.12296493728396,-0.1701694161768897,0.0961225787962334,0.2111970269032131,-5.643875359766298,5.389488466448229,-3.071259146797847,,DESI
-8.132872489209072,1.2239954520633265,9.1114750388213,1.7185894051198751,0.8306452397303667,0.2325416796605332,-2.7832377488377915,2.4717955248149117,-2.209624784716672,,DESI
-10.398800592901589,1.9608289953957496,8.92431622889105,2.2805250027922823,-0.5088999925124433,0.2716316189810578,-2.3206115108019247,5.202980348970904,-2.3534364231913747,0.1534542948902696,DESI
-10.406618988793502,1.1579449325024898,8.923694989921607,1.4770640839569888,-1.250790475355399,-0.0678813401697817,1.2896650253191524,3.413755564495998,-2.47938924536956,0.1341361851369751,DESI
-8.794248451877719,-0.5371335383661012,9.055364890324126,-0.0950821695747526,-0.1007637772576997,0.2626626793037059,-8.623137445634299,4.6476491547788426,-2.085869862011157,0.1309608664217789,DESI
-8.976884357934127,-0.3018483369346148,9.040087978747907,0.1258984045841221,-0.0445616693193695,0.1532601884450531,7.848735089862572,2.904611801666475,-2.8425056945053915,0.0752160534151841,DESI
-9.193809121133445,-0.4239983702009993,9.022064314065462,-0.0131216180232169,0.1252072206569794,0.041426619728192,-3.053880136293458,1.6670636367531944,-2.687531295578732,0.0757775243191407,DESI
-9.293051928643903,-0.4688523167453619,9.01386229396327,-0.0656491606463583,-0.0157565705421998,0.030527824089071,5.365105400520235,2.5287586482802324,-2.500000405521676,0.0708884269680676,DESI
-10.047709266673763,-0.4401921282765835,8.952384916145967,-0.0943898663033617,-1.1839813796338303,0.006216323824315,2.6824202387360714,3.286949153476967,-2.8572666931214297,0.1171180262031961,DESI
-10.147359747139676,-0.3438739557976976,8.944384004661199,-0.0055212692860597,-0.002148022600684,0.0559285391791489,-14.068328452944243,2.4384458263847177,-2.5492344855156923,0.0739407591789554,DESI
-8.512135367302323,-2.4585111335278667,9.079147339861464,-1.994186836619689,-0.6324568565236133,0.0734720861032341,-4.75585504974751,4.736010096709163,-2.408994198312374,0.1565600083129392,DESI
-10.0861746948272,-1.2809766712560764,8.949293320984006,-0.938053670381262,0.3965450771663548,0.0686081490582891,0.18066046047457,1.813600792317793,-2.249999999900321,0.0478095152482626,DESI
-10.840715019802746,-0.3625876773667073,8.889461815190504,-0.0751808507339467,-0.0186774076613689,0.1529825156482296,-0.2456095628270134,1.7062539176211902,-2.885578198462774,0.0374493980955187,DESI
-10.868617124505572,-0.543788362131744,8.88727880965864,-0.2583983099720831,-1.306659322482668,0.0393672933229509,-4.136607315124095,1.9752149796799896,-2.5000021579409832,0.0522960136286156,DESI
-10.965228623908176,-0.3559879573474142,8.879736267379728,-0.0775605103492852,-0.1238105161590086,-0.1665183025714137,-1.5014371299775178,4.8198039246469255,-1.9999999943808768,0.1238288684668802,DESI
-11.382500825301603,-0.4304145365154311,8.847446227001628,-0.1816870379089595,-1.5237948378926154,-0.1654939830500489,-0.9240646923931876,4.74482128969438,-2.5000000074711832,0.1094665645925688,DESI
-11.62811211222606,-0.2039005478321957,8.828656465141913,0.0276345880399914,0.0502715222045599,0.1088622196284531,1.49480168166167,2.095843979725652,-2.8330942186952712,0.0510556506617389,DESI
-11.654739801410944,-0.3097719364764913,8.826628985924271,-0.0800875303072732,0.3602236503785363,0.0826313263493497,0.0670251842491609,2.766814835250469,-2.0847075630937644,0.0714206968656489,DESI
-11.707888066852709,-0.3798708369872944,8.822587781031254,-0.1538726702124326,0.2408260500054257,0.1210694336265176,-0.0188698311752801,2.770673402143463,-2.749997661963927,0.0645007536257303,DESI
-16.114595043365252,3.0723044160918818,8.512663421620772,3.033608467000491,-1.9235701292079208,-0.0411018210500911,8.432983101163401,6.79735286878583,-2.2499999780574216,0.1687711282488478,DESI
-11.786093756564664,0.1015451755839562,8.816654845787813,0.3221381068619265,-0.1607879436679331,0.2851491950482699,-4.727153238570296,4.808441259582671,-2.9370230185153035,0.1706274739001805,DESI
-11.831043093329775,-0.2370437771218409,8.81325213547156,-0.0195472931803717,0.0720002478520536,-0.0036054697958243,-0.906524736099712,1.409377712764858,-2.500000081665209,0.0363770817000966,DESI
-12.137628003470605,-0.2510257212530343,8.790184859094278,-0.0544468861510777,-0.0641913759746817,0.2667259747239721,2.9210772986460114,2.701146263470355,-2.437818164298112,0.0939856127945987,DESI
-12.594152485369747,-0.140814097332983,8.756291015639462,0.0252863453533855,-0.0429337404957612,0.1047623919228011,0.451567489479558,2.5409298674919567,-2.5800836394765865,0.0911251472083451,DESI
-12.721531903836665,-0.1750226078884239,8.746930444364725,-0.0172796620796366,-0.0486034538414319,0.0321667211828575,-1.0268253835657075,2.052891411247049,-2.642908772833424,0.0558435945336316,DESI
-12.825212886549648,-0.1572214710965262,8.739342296992794,-0.0062330136532955,0.0364874691313081,0.0148079682478509,4.218723329038298,2.820078425898193,-2.894507706865836,0.0888694874903567,DESI
-13.05845930373122,-0.123537953550134,8.722372706011077,0.0124151500392095,0.0820998309377225,0.2144296601470841,-3.363460307168509,3.6632162490579794,-2.642293328376625,0.2037528652115762,DESI
-13.255495723489268,-0.064208710281911,8.708146217569617,0.0592182165084409,0.0442642893197948,0.1782871259820487,-2.586390655758791,1.6215569225921804,-2.5187170487947648,0.0565238158699748,DESI
-13.456158175864845,-0.1526242654404311,8.6937597723407,-0.0417864741818161,0.1073400647107121,0.1005923929662516,2.470574707650556,2.172797856149246,-2.4619805011383518,0.0682282037670963,DESI
-13.850443834342371,-0.0267635108973653,8.665789302895236,0.0598405048863697,0.2013263864788825,0.096798267493623,-3.148335112651182,7.769787812753234,-2.3543943039437134,0.2535042964186305,DESI
-13.766237714541674,-0.1941273276745945,8.671729827819197,-0.1024045097872037,-0.0133432356078468,0.1093066557533164,-2.173967897949993,5.826653330998441,-2.250000008845817,0.1459575224420947,DESI
-13.98022054601054,-0.1298883401408856,8.656668885898574,-0.0511121861968904,-0.0611714271074372,-0.0111061957178621,1.1281617271343976,2.6784022027204784,-3.000000078613962,0.068345106572171,DESI
-14.17946365746658,-0.1072346356572333,8.642748903625925,-0.0403306023480673,0.1457461123291157,0.0796693011733401,-0.7585087422946941,1.3100897380214291,-2.4999999792075736,0.0341952143637819,DESI
-14.284898492390957,-0.1371696271804394,8.635423018876642,-0.076475817638575,0.0559399128340887,0.1462932216862671,5.263578373084286,1.499877685182665,-1.823840909096823,,DESI
-14.506908943765222,-0.0026398356902794,8.62008791112819,0.0451429032690017,-0.0097288211863313,0.2306423530858888,-3.166441003585461,2.243955659332594,-2.456112378015725,0.0591889916227243,DESI
-14.505591764813014,-0.059579124068724,8.620178531611447,-0.0117204516400034,-0.2005110586967724,-0.0133522755258563,-14.484718480978133,4.918269932879013,-2.6948673669795804,,DESI
-14.603938741163214,0.039133980080605,8.613424226713274,0.0813451686408244,0.6842583489602809,0.3894305945069878,-7.537978603787138,9.506924840366914,-2.5000000856551257,0.2111250784071646,DESI
-14.25473330646339,-0.7808398451519983,8.637516134589102,-0.7183744138560495,0.8756974304414129,0.472529250539428,-12.179318987305749,4.26026561134556,-2.0667310895481346,0.1023897108028699,DESI
-14.4228661201054,-0.2055556328367093,8.625878618097644,-0.1529119309153789,-1.7033991463493434,-0.0458513862581127,12.081876493128462,3.943524493838989,-2.241907251991884,0.0937686951974424,DESI
-14.891191039766104,-0.1185413569831648,8.593833531523092,-0.0925667340489877,-0.1155271174969776,0.0587107139715719,-3.1662854986910105,0.8554611602177713,-2.4855119257160805,0.0229986133362646,DESI
-14.907574842989478,-0.210465422022843,8.592722301251792,-0.1854051453971186,-0.1358072865982045,0.2654019545455692,5.857705316465442,3.011737720811098,-2.9523723511101307,0.0674392546413836,DESI
-14.819986673205594,-0.412356567597584,8.598670661553228,-0.3823933988388955,0.476212049954654,0.2337308232489922,-17.15651212944519,1.079978352532031,-1.7191083994598446,0.0414813475354891,DESI
-15.506405781635124,1.7582608218859028,8.552559333778252,1.7507885332762898,0.0844821019754116,-0.026455005085918,-1.7005182652232378,3.276840643653496,-2.8086777404014382,,DESI
-15.281185351928867,1.0274328089928113,8.567561507935379,1.03199161837346,-1.831135948048619,-0.0303461304608614,8.993586457176903,1.8770440763147904,-2.511867127447468,,DESI
-15.416208129785502,0.6761045342301022,8.558552620881116,0.673420603767212,-0.0989809550691154,0.2032356858452129,-2.6746379326244067,1.488824327538261,-2.6562732989968336,0.0393221566072849,DESI
-15.225482576914976,0.1532440043813623,8.571291066611737,0.1608167017586039,0.2014577080388111,0.3091810758701611,1.8584991996494156,1.6571078390560972,-2.742882651413617,0.0402659207924324,DESI
-15.590099852736133,-0.0726066675363336,8.547015923926862,-0.0844860401793283,0.1879003613270047,0.1039439818444016,-3.2978965484944496,2.4942868819759307,-2.143812298986857,0.0642585811524651,DESI
-16.014876537838255,1.3343956732971756,8.519143398166708,1.3006905005801488,0.417151868354396,0.2013695076865773,-9.954886231255216,2.943739148243663,-2.319538904632884,0.0827581518494126,DESI
-12.964005407038096,-1.8696260513949656,8.729227757439874,-1.7276111849548783,0.436636008088076,0.053473321378893,-7.356674834149175,6.09313920193152,-2.1081342744596783,0.217245211375899,DESI
-13.037501341606646,-2.0251402430345604,8.723891767727615,-1.88784529468817,-0.0943452169274499,-0.0143545094178917,3.024705266709006,1.673103778408455,-2.5008570357970843,0.0443117870326948,DESI
-14.051498119749466,-2.550902303492159,8.651677681552446,-2.476393691929829,0.5071808507754039,-1.8638990135103084,24.623405355906183,1.9866317348254057,-2.4594149212460668,,DESI
-15.64363681093329,-0.1018992722201966,8.543478887849083,-0.1165794695318577,0.0333209282184716,0.1291032189251153,-2.419108281674596,1.779798285293045,-2.499999932447757,0.047362838023327,DESI
-15.693792323675533,-0.1098205695587647,8.540171575997034,-0.1271116985142197,0.1392577060284656,0.1810147925200726,-1.0181504373898775,1.7989432277091448,-2.978335168340237,0.0471629397220976,DESI
-15.409737395811304,-0.7335958264459685,8.558983339619902,-0.735934700830752,0.5702283413357261,0.1689297258940588,0.7649992978974751,0.9415295798887572,-2.4546909819820897,0.024844526026796,DESI
-15.75871372083614,-0.05271741265254,8.535899655820847,-0.0733694060357138,0.05338999398269,0.1647878030309802,1.4175290721448306,4.557227340549639,-2.364411516590273,0.1486738865575127,DESI
-15.960278169680084,0.0832425937403207,8.522701509790148,0.0522915850185285,0.6014739031853962,0.1164022063125427,-3.625706238732576,4.449214376860699,-2.40765904159413,,DESI
-16.380175217453747,0.0757982602354357,8.495522007523483,0.0240612438177133,0.238275605919731,-0.0135239309940859,8.216062845542126,4.038953560543884,-2.3261714984628328,0.1584976174720957,DESI
-16.20855310655718,-0.3261100167840162,8.506579688303791,-0.3694615591278549,-0.0948555133959319,0.1728151045489219,2.1480550903558537,3.004516919612116,-1.600857868426727,0.0975497907160739,DESI
-15.693750899825533,-1.2249247961735283,8.540174305011465,-1.24221377393622,0.8742986253045215,0.2390508124408082,-1.382165602972222,3.26574725428281,-2.999999971205847,0.091727398783339,DESI
-15.783867830924333,-1.1750333290539494,8.534247228098124,-1.1969818073659264,0.8260817536115468,0.3106929315266899,1.1824015522823714,3.120966558435451,-2.696514735701866,0.0809087027280221,DESI
-16.585720520792194,0.1870407893462006,8.482371490523162,0.1254641367329673,-0.3654043356826921,0.150945030295378,-0.0479302760346058,2.63852591751767,-2.5000003508686204,0.073557052292941,DESI
-16.950772211362466,0.0984140216036571,8.459264231642004,0.0199169316216322,-0.0447067099352,0.2014931872327678,13.534644902516971,8.616211922163343,-2.499999844437922,0.1778403320249239,DESI
-16.96815173722591,0.1066938860208689,8.458172023727249,0.0274091649378994,-0.0535800313125927,-0.0422894971250224,-0.8428227685814278,1.4090077055968613,-2.723526754198593,,DESI
-17.31887980403576,0.2159223011096661,8.436283256702842,0.1210961951552541,-0.1264709070388638,0.2007604385285086,-5.90684685286638,2.9434585604430863,-2.3404167267750027,0.0741459454759343,DESI
-16.90867192538303,-0.1749992347542859,8.461912970831218,-0.2515815636720818,0.0962486867898908,0.0317902351462041,25.2313943583802,7.488462401587782,-2.925200625063336,,DESI
-16.90710903696419,-0.1955931934089096,8.462011380832585,-0.2721042556529506,0.211909101789752,0.1114117007826362,0.3904702394011821,1.661578261365278,-2.25000082793174,0.0445915073475793,DESI
-16.980845551947525,-0.0472507360675965,8.45737473917312,-0.1271096963943961,0.0650886367799268,0.1162510923638256,4.901789271944338,3.014234372769228,-2.750000314814737,0.0922430909523439,DESI
-17.03916390662151,-0.1308860774976221,8.453716729207818,-0.2133719478410945,0.1406002523769975,0.0390127822252529,4.712661095992047,3.4104841989182133,-2.500000091829687,0.0887475435078113,DESI
-17.158049113969803,-0.0953514272790101,8.44628457763087,-0.1831347987061184,-0.0936521141590605,0.0305510295345112,4.380868674882194,5.316560098138583,-2.9999999384713547,0.1804377268789564,DESI
-16.68266742965831,-0.9477155767145092,8.476203969019934,-1.0138554766705896,0.8578918500655499,0.1351601027882514,-2.911367096450704,0.8914539362984957,-3.002477034379958,0.0233522449243377,DESI
-16.828506846142314,-0.9690833280734064,8.466968180030426,-1.0419931411264427,-0.5898683129214026,-0.1572761224120833,2.3133345167638595,2.732045249614107,-2.176346769576321,0.0868721591095631,DESI
-16.200411104521766,-2.1439898820799805,8.507106038095388,-2.186939797972721,0.3304818203648203,0.2119226559053014,7.236333550454489,1.98203657133184,-2.1417287942066405,0.0473324408272953,DESI
-16.747183959692165,-3.1380639431390214,8.472111995526378,-3.207212798404334,-1.8185137953543649,0.425456880504821,-4.656970626014385,1.9885348059635444,-3.149108854750894,0.0586692511503044,DESI
-17.59400753747369,-1.829426543965728,8.419315315513671,-1.9359665144230724,0.4036743010586407,0.0417336314764552,-7.014952506709904,3.6546999232859743,-2.5000001411564567,0.0924828297709483,DESI
-18.473026136162098,-1.511861922461022,8.366286231579686,-1.6529285951555777,0.5135318909351057,-0.1088379846548091,-0.0006985546357753,3.4605970187238104,-2.392636072053678,0.1265629121985845,DESI
-17.985024192075475,-1.9957284532106312,8.39550472435733,-2.118179282141382,0.818163164873055,0.2566905948723277,0.3785572701609254,2.3327392633551893,-2.4320165779982594,0.0586572027365134,DESI
-18.225995969194088,-0.2465526670342671,8.38100802404233,-0.3783702309608758,0.1061920019098696,0.0345405224804835,-3.612334283165652,3.000448385901627,-2.749998946514676,0.0773221015793333,DESI
-19.03828639289725,0.1867131818931545,8.333126864524603,0.0258543437195673,0.0334390820327596,0.0693636973603455,1.7313236567455874,14.912770729767333,-2.4263304582020244,0.4426928663845106,DESI
-18.81467418773507,-0.0701546986390624,8.346157002104967,-0.2234146818632184,0.1395085685855797,0.1429150183050062,19.43211248592074,11.209143169993196,-2.6016562573442763,0.3079635844538734,DESI
-20.48061887245117,0.1773870913201836,8.251796865896994,-0.0249731651846617,0.0452963426903032,0.0910901564431062,-1.7391095310751297,0.4658546937679483,-2.4937549832931745,0.0128172336002879,DESI
-21.11292295169878,2.0946705006287725,8.217605235956656,1.8782406373527007,-1.2630684744821077,-0.044854335928425,10.238738170489071,0.6990156281088916,-2.4643185978108777,0.0180504218103573,DESI
-22.493134800703764,0.0987562940105725,8.146005681400002,-0.1402147345641511,-0.1256193826389067,-0.1724281308373716,0.533417748116392,3.877624692077105,-2.64731811894466,0.0881040546295457,DESI
-22.68974267677378,0.1805741985809176,8.136140967462412,-0.0607433861983055,-0.0228138759409555,0.1609988992394829,-5.031064193638628,4.239201301956522,-3.000000027774933,0.1186291812943962,DESI
-23.343272420812188,0.8879923349893372,8.10394237119158,0.6403378659779017,0.3476178837598018,0.2555440739357464,-0.4879632230737201,2.426835610552149,-2.250000165421463,0.0565581231172273,DESI
-23.30097013427947,0.4879379334619796,8.105999125037194,0.240627001307554,0.3099837059726162,0.3917853984139038,-14.675788879822449,6.866587438928558,-3.017131705723104,,DESI
-23.6012027099014,0.5241267908143796,8.091483434297245,0.274572367936486,0.6719883181921658,0.094795468698847,-0.9308057281467796,2.587849768537334,-2.492698665824349,0.0793066199712416,DESI
-23.691838428982837,0.3623687518338432,8.08713868616707,0.1122252660335853,0.0859027339454083,0.1767406301944992,0.4295636986472999,2.9042245583303026,-2.499999899367181,0.0749750512993062,DESI
-23.859016100813843,0.7229829571269409,8.079170063470754,0.4718585976238531,-0.0504942220565975,0.1883434254295349,3.7024613350932754,2.5516648777456474,-2.2499999369805077,0.0595995275027461,DESI
-24.40260274410899,0.2310321772377078,8.053663752402562,-0.022355924213965,-0.0881955839367583,-0.068507103766133,-0.331652065658389,13.583318387261674,-3.629744203082674,0.4311042355341039,DESI
-24.391087239019672,0.0994290229383794,8.054197701797756,-0.153925504313829,0.1780971004056173,0.054686987005204,-7.336632492091169,2.861765016384329,-1.7984232285020292,0.0959581779561299,DESI
-24.058963972495118,-0.2255656812500103,8.069716340411187,-0.4776855749432586,-0.0073355815478244,0.2548242313684928,10.835592954895487,2.575605034669485,-2.1315337587582537,0.0769967883154171,DESI
-24.546657856751747,-0.0819629616556618,8.047007490353138,-0.335719531052885,-0.2393686925988127,-0.5067615657488267,-18.030022103909488,4.555080520672397,-2.5129948221700174,,DESI
-24.80665090592784,0.1451998299801511,8.03510298052498,-0.1089832202905214,0.3018558031069673,-0.1731481902836095,-3.18258053832372,4.98727103653744,-1.989225907113044,,DESI
-24.89246961883373,0.1098295573860935,8.031204194743962,-0.1444278866997723,-0.0526108973671846,0.4066275197949103,2.601123541841929,2.718781703018509,-2.4192152973728263,0.0728423269794767,DESI
-25.118263572197733,0.1495546853894534,8.021018751339026,-0.1047439068993342,0.2698970122394541,0.2091970973299586,0.055517820139002,2.617333583780373,-2.750000014938052,0.0599023757004992,DESI
-24.97773914646379,-0.1216817150511892,8.02734539889405,-0.3759808825132496,0.0174123914663564,-0.0324496802703991,0.7226950883734844,4.047731413013131,-3.0706176857304883,,DESI
-25.40327162207003,-0.4084342347989657,8.008311711986998,-0.6624709364875822,-0.2136817157625881,-0.3372681369497485,3.949236865988354,2.741440347136982,-2.692720783261501,,DESI
-25.571705786377912,-0.2126146434708289,8.00088026967526,-0.4663355309856856,1.9956007666863276,-1.5852932386813,-23.824572694711904,0.5616302398563517,-1.1821306154737286,0.0190615635578521,DESI
-29.57450371123228,0.8172817308488811,7.840994290655855,0.601110776233185,-0.0735608041052051,0.4609098745282227,5.647558636184002,2.6982825544900124,-2.3971092539844188,0.0721411344531412,DESI
-31.06303783661396,1.920852213668733,7.789510775410826,1.7301447147595406,0.916890969622716,0.4088491484963785,-1.4248141168462638,2.6952520531753343,-2.6217977665444145,0.0779674456776912,DESI
-29.69156222716572,-0.1223878327211377,7.836791866959725,-0.3367363173314143,-0.0264350254978307,0.0184041095667406,-2.275163100967916,1.394138052436497,-2.3709690822513507,0.0363599377824886,DESI
-29.72721751234695,0.1208500103743398,7.835517079623866,-0.0929367525526624,-0.0256614163495338,0.0687606468400543,-2.2425746872565355,1.3743279629647849,-2.49999998670945,0.0351816423081578,DESI
-30.447494539919795,0.3808767208857181,7.810287399100589,0.1790652505455453,-1.6583229768376908,-0.1602388664522161,11.28188400312532,2.548635532905468,-2.1942759363302424,0.071483184294716,DESI
-31.64459174158529,1.206031193795151,7.770540374398705,1.026458509387417,-0.1827526641092882,-0.0130116005656143,0.6522539608090838,1.436087201300311,-2.4847009677013943,0.0393081667852458,DESI
-31.482772693465645,-0.0500902294627829,7.77575491988658,-0.2328191597919208,-0.1053823613535964,0.2599583635964824,4.495992103456153,2.298661579375184,-2.2126324816863483,0.0683640953943154,DESI
-32.12791243589987,0.3235416842429405,7.75525826671444,0.1536390766228922,-0.0396137982247291,0.5551127300136938,-4.3356241701781855,4.399674309446335,-2.316245734951384,0.2312245313122087,DESI
-79.1931114180771,-2.4200751541005783,8.234043776311038,-0.1552306884334964,0.3569948638474125,0.0248013000544511,2.8130999490910256,2.058677346993708,-1.96343632797458,0.0562499292017797,DESI
-78.91132139537457,-2.455564085594033,8.218900002651258,-0.2132210289615419,0.2615876222562807,-0.1396271618482127,-10.256226177471008,2.8524175613857685,-2.523249009352749,,DESI
-70.23505089944794,-2.1734269032930023,7.834170722773262,-0.6537118059172644,0.6301836912479013,0.1520814198926746,-16.27819316132588,3.429747387341905,-1.8533343819518588,0.1074377929089911,DESI
-68.97112902069549,-1.0140967605102782,7.790645170899832,0.3999665630407132,0.1627331439543997,0.2908291007096015,0.4760808497658999,1.7262048892137425,-2.037765177667485,0.0548879397184305,DESI
-64.11930105960464,5.281367322945026,7.651280335340949,6.304124541784487,1.4360301128289823,0.5237734465421848,-18.48757634738553,1.2325621166670826,-1.0913669898862624,,DESI
-61.45414236899214,5.511001718903086,7.592872757096921,6.334516055153346,-0.249559945592189,0.4211949819252973,15.661839700093829,1.5110426317584695,-3.1406533527333047,0.0272973973142665,DESI
-59.50291920184594,5.200340054300209,7.558044540519418,5.887992038427776,1.1295315248923234,-1.3828039281369042,27.230019306208906,0.5515153152507314,-2.118240451402445,0.0129570732486935,DESI
-45.67536234294453,-0.0347427463606242,7.4974436021748625,0.0599575127256179,-0.1502377657843698,0.3141706401066906,0.0102071528214011,0.9789943471595456,-2.5103616900702628,0.0269870699247153,DESI
-47.45689723443504,2.001803279519188,7.487137167056049,2.1327389452204764,0.9492600190180784,-0.4686209670498283,-4.469767717353896,0.5615868679724034,-1.3145749153099793,0.0137670117242325,DESI
-45.37583743630956,-0.0445178507646461,7.4997033612487165,0.0447597473534494,0.1581869081803226,-0.5205446086405292,1.7586478107040548,3.576360919840952,-2.36316002832856,0.0964189944384436,DESI
-45.403030366403854,0.0273106288617849,7.499491932541156,0.1170742321097123,1.3260728376723083,1.6347688643418827,-4.471797034349866,1.0661549540141904,-2.134429058212212,0.0278002124372409,DESI
-45.08532285742877,-0.0063748274505338,7.502040373353695,0.0777831729611226,0.3591103519449685,-0.0027657156879716,2.687470906827208,1.1723027963607542,-2.304397202190136,0.0320197863678793,DESI
-44.928589899503386,0.1935037312264017,7.503360632033686,0.2749512406460427,-0.040951657409189,-0.0561956731262051,2.384889282076834,1.160809076132322,-2.266128049597066,0.0305846767258252,DESI
-44.39517316427472,0.6093029143701658,7.508166429231126,0.6817571137549691,-0.1953640995929486,0.3852623906405595,4.101084083465665,2.6903232333790528,-2.8355748986812306,,DESI
-43.99444119295595,0.186831041121862,7.512094993482154,0.2527199309677793,0.1584853254862475,0.1008069523128341,-6.057879873948782,6.720285239624383,-2.749999966969959,0.1456005089768199,DESI
-43.79280891242672,0.3870708959568811,7.514175075471285,0.4497033517861676,-0.1021030027070484,0.043900310702989,-5.820171228915903,3.624592626654101,-2.500000003123281,0.0968303875302926,DESI
-43.70927459123746,0.0095540405333548,7.515057129323772,0.0708448230989178,-0.049846725560215,-0.0201244811759234,2.6181438112811826,1.5296629282673877,-2.499999922143209,0.0424236615076884,DESI
-40.17775867871175,0.2370797869485941,7.563290174249541,0.2403401320388281,0.2729552445693812,0.2633115988719142,-1.4478359011723327,3.4194298554951104,-2.619258448634244,0.0880362858548304,DESI
-39.45811434303853,-0.2653064361012788,7.575762229973134,-0.2755979255347767,0.4192217233918756,0.0359217602447821,-1.5064682041476374,4.15094845614108,-1.896437113194421,0.1244794445830056,DESI
-39.57775304181591,0.0483988494315619,7.573626238969547,0.0404234990128743,0.1675073579370796,0.1833928406773878,-4.3668299220797095,2.555657250156953,-1.9014258292272412,0.0642909437020909,DESI
-39.42217000201,0.2868948922453738,7.576408850070327,0.2759028977938673,0.0895162845137171,0.0823701773650767,-0.0141496517530939,1.3367521836183531,-2.500005200745088,0.0358919186144957,DESI
-37.47987919982787,0.7113953630871885,7.614720653123801,0.6599202915217401,0.1357687910518308,0.1550840244129643,4.571910224046,2.171036127870982,-2.5000001038571344,0.0618941114898333,DESI
-37.79408226713755,0.1179239358321698,7.608072285661651,0.0732889568690217,-0.1753422347818309,0.0742795639351885,-1.017756547626668,1.6075381786299168,-2.3544098550357684,0.0436627397721809,DESI
-37.55330490326672,0.1706490110422081,7.613151352195366,0.1207801628402903,-0.0689234458462291,0.0111802720621958,1.9058472430206732,3.30549024255847,-2.525545215712107,,DESI
-36.122816378181575,0.2000118865658238,7.645451471038584,0.118222149851474,0.4417999603926681,0.0744911867508092,4.148595272718524,4.352983041019642,-2.580989927009892,0.1835143951842215,DESI
-36.139996661830594,0.3600744138626539,7.645041861574984,0.2786736508996023,0.1311542539554206,-0.1197990066678403,-7.577473957748225,1.338253624776011,-2.7385567856933863,0.0389293412159486,DESI
-36.23556386605775,0.5975574430263171,7.642773023464706,0.5183188883247299,-0.3493394728643491,-0.2372391797672066,12.215301530180112,2.5291751834656844,-2.2744466570361968,0.0756960272917417,DESI
-36.35009955852054,-0.1597454129155998,7.640075416782331,-0.2363963282740261,-0.1281167316653224,0.390973472659713,6.036822400024988,4.774870330256602,-2.181880332744901,0.1806679289159828,DESI
-34.348065282161805,0.3800027507813834,7.690632581178497,0.2580048476173656,0.7567694494617454,0.1309413143071093,-5.585930325150798,0.9166470066301048,-2.472979455648748,0.0274966210863415,DESI
-33.71927636774159,0.3070516094730676,7.708013712890179,0.1710492360981658,-0.1781163395444096,-0.0448667169265788,-3.0222328716262794,1.5601905492464438,-2.387901853701079,0.0403437291747894,DESI
-31.935037481455463,-0.0986525532567761,7.761304285561608,-0.2724560234374475,0.0271192302734295,-0.0094547753666583,-5.572991370903949,2.764647056067726,-2.359529770859094,0.0771745628356178,DESI
55.52111501755461,-3.651539353598504,26.16295549637272,-7.349115890740004,0.5216056793860685,-1.0534010070673523,25.012322339588763,343.7100020451484,-3.9999985464644654,0.001029642817884,DESI
2.64648584323142,5.888122649416361,10.217263488209962,7.323162454578093,-0.1566185302159484,-1.5462381841526338,9.491586667331717,4.3712029457092285,-1.892135977745056,0.4,SDSS+LAM
7.315751741289744,-2.8306266731489718,10.824430310383194,-1.0036714927263497,1.5347509208247845,0.7930014235047544,28.75095829802197,8.296545028686523,-1.557170033454895,0.4,SDSS+LAM
6.817456506022527,-3.678898269508658,10.75543782228664,-1.8915939034071076,1.844950555641757,1.024920349591106,-9.318385167026634,6.328713893890381,-1.9790849685668943,0.4,SDSS+LAM
0.6388627391133354,-6.109232865684705,9.981818951708782,-4.852115486579857,1.07686370803887,0.4565118451752367,22.72979554499213,7.30040979385376,-2.33716893196106,0.4,SDSS+LAM
-0.2710951571919539,0.1164626447301867,9.879846432585438,1.2921926449513734,-1.4517100408569057,0.5499059411041634,22.8887039872008,5.7029571533203125,-2.408166885375977,0.4,SDSS+LAM
-2.428164616801582,1.1193279130682965,9.649435994879536,2.1021417900335164,0.7092826734217512,0.5095026646352835,13.810943695793512,7.389534950256348,-2.2615060806274414,0.4,SDSS+LAM
-1.2769284232006688,-1.086772520296237,9.770458107145958,-0.0011244063752346,0.051479171436287,0.3561268710595322,14.404705312037066,8.51073169708252,-2.092242956161499,0.4,SDSS+LAM
-0.5315084877438384,-2.4708623778418435,9.851193511969525,-1.3184554709030758,0.137547557400544,0.0245990031484306,5.993800100445867,9.203333854675291,-2.4336209297180176,0.4,SDSS+LAM
-2.449887446696213,0.2091008691155737,9.64719451751962,1.189980209943554,1.0904511066949576,0.2158251644762173,11.232709544571478,13.762929916381836,-2.019747018814087,0.4,SDSS+LAM
-3.329446121154904,0.871319883266362,9.557724798471384,1.7741424627172158,1.429920110414986,0.5331188034516662,14.504571010943948,7.735477924346924,-1.9153389930725095,0.4,SDSS+LAM
-2.195913070090234,-0.8014061860914792,9.673497674781537,0.2021075279004205,0.4369834502703913,0.1678178950811794,4.612739089690223,3.850862979888916,-2.065248966217041,0.4,SDSS+LAM
-10.41674570051914,-0.2496050167823603,8.922890581945142,0.0687672620042566,0.0437954375799671,0.1388989924646013,0.7381772663413102,4.090000152587891,-2.33899998664856,0.4,SDSS+LAM
-9.729487645307753,-1.3561987953066894,8.978117026590404,-0.9864008459476792,-1.29378410962956,0.3092235188656045,2.513437655114629,5.043107986450195,-1.72530996799469,0.4,SDSS+LAM
-3.630886459186347,-8.930418312937935,9.527634586952772,-8.054200877555774,1.7951762274355776,0.2529760302178484,-1.7069526463854174,6.013586044311523,-2.63290810585022,0.4,SDSS+LAM
-5.569742485623785,-7.365816937524573,9.34090707998253,-6.658184373220495,1.3694278446217574,0.1428075490201555,-3.8834428515448,2.128420114517212,-2.361057043075561,0.4,SDSS+LAM
-6.808614570766968,-7.361041296236342,9.227597886680442,-6.758066733129798,-0.2247125563879137,-0.044847835721023,0.6836213779601223,5.959857940673828,-3.0142650604248047,0.4,SDSS+LAM
-14.48824869670142,6.361851832247853,8.621372118435339,6.4107110542299806,1.2475976080919642,-0.1492466838721763,-24.590082496544028,4.915831089019775,-2.6411008834838867,0.4,SDSS+LAM
-14.032133833234218,-0.3281904165638822,8.653032400839004,-0.2525246622756218,0.1156010415806161,0.006569799444236,-19.69004104621688,10.4399995803833,-2.0510001182556152,0.4,SDSS+LAM
-21.656424021566128,8.540928751467655,8.188917191885055,8.31432207701602,-0.8943861408374563,0.6051940799408965,-6.7144144364895055,7.786340236663818,-2.08718490600586,0.4,SDSS+LAM
-13.704338755417302,-2.282178613458914,8.676108058684976,-2.1866732536053224,0.7971899768115307,0.1873505726207069,3.6546487117805526,7.019999980926514,-1.625,0.4,SDSS+LAM
-20.44799717318852,-1.723201891058593,8.253584855698524,-1.924769391756235,0.6940327083406261,0.1856017805796571,-2.575846219689751,3.0581769943237305,-2.0410470962524414,0.4,SDSS+LAM
-22.009536331915548,-0.0317476330216449,8.170623118816387,-0.2640501079117047,-0.1166345864077174,-0.0213246395696955,-7.960819124398995,6.860000133514404,-2.0850000381469727,0.4,SDSS+LAM
-23.04913708033877,0.7246803403402429,8.118321765439205,0.4796036159045473,0.7123233375706208,0.2651689910736046,-2.6561551403428894,8.18506145477295,-2.193315029144287,0.4,SDSS+LAM
-22.64183197360305,-0.1223997144335975,8.138537245777508,-0.3631645829002374,0.0264367288923015,0.1098864581217619,3.758098434116789,6.157205104827881,-2.369870901107788,0.4,SDSS+LAM
-22.73359790772865,-0.0445058555826712,8.133951824522018,-0.286318644319347,-0.0835699511783181,-0.0628916509343719,-12.468345793661882,9.119999885559082,-2.127000093460083,0.4,SDSS+LAM
-23.439685272104786,-0.0129429250776332,8.09926886865152,-0.2613465881654016,0.1813759403740258,-0.2411961008375249,-2.5556483706078126,8.787075996398926,-1.9057079553604128,0.4,SDSS+LAM
-23.489185374897303,-0.0107049459835651,8.096877030173347,-0.2594751128600771,0.2009203878523884,0.2744609077109314,-2.316063176308816,4.263001918792725,-2.2626049518585205,0.4,SDSS+LAM
-23.639148958102663,-0.0936594712058985,8.089662326121548,-0.3434654472853944,-1.3289430333234185,0.2080061849386422,14.951159379560096,4.365067005157471,-2.5776820182800293,0.4,SDSS+LAM
-18.86291979329102,-4.946865115409307,8.3433360166042,-5.101790334109188,-1.2507819735930106,0.0118853716611299,8.27128193829985,13.210000038146973,-1.7269999980926514,0.4,SDSS+LAM
-20.388074094076813,-3.965003224175877,8.2568753871121,-4.1650971275203705,-0.0118362167873664,1.6644204855980111,20.65350881601556,8.70369815826416,-2.3923439979553223,0.4,SDSS+LAM
-20.88823631515693,-4.010087137125602,8.229654090438187,-4.22179701356324,0.4401256548219177,0.167960331235344,1.6539405851909097,8.332845687866211,-2.20566201210022,0.4,SDSS+LAM
-23.997182979537577,2.355845106378045,8.072628474722649,2.104012345491733,-1.5801043316576378,-0.0512111279078344,12.432513902096204,3.652044057846069,-2.605417966842652,0.4,SDSS+LAM
-23.597023223328534,0.8814955001403125,8.091684200554294,0.6319692193395585,0.7006859578012552,0.3446645346549334,7.018025401358372,6.691830158233643,-2.402580976486206,0.4,SDSS+LAM
-23.96736769399817,-0.045196089347572,8.074036715324697,-0.2968837515822299,0.1926297430670009,0.4366514223525761,-15.196504932223933,9.528340339660645,-2.5129408836364746,0.4,SDSS+LAM
-23.9990983288892,-0.0614585049245859,8.072538072175035,-0.313300441465231,-0.0270447021549351,-0.2523117999332654,-2.8625910123693217,7.128355026245117,-2.1315810680389404,0.4,SDSS+LAM
-24.560559743400027,-0.1124517114546118,8.046367412490394,-0.3662388157506021,0.8375226876822088,0.2512112129524422,19.754378983582143,9.15106201171875,-2.354865074157715,0.4,SDSS+LAM
-25.17973791076465,-0.0902213375522804,8.018263835143289,-0.344492790436091,-0.0403767309645184,0.3033826930394114,-6.364183921488831,12.186140060424805,-1.7846250534057615,0.4,SDSS+LAM
-25.31829259361717,0.2533930478273088,8.012083068787298,-0.0007578808676966,-0.0231418657217474,0.0850329611433189,-3.1512300921631464,3.7300000190734863,-2.184000015258789,0.4,SDSS+LAM
-26.5761789888654,0.7728505493164548,7.957759148849911,0.523378115827997,0.4758039680155645,1.901086452691736,-0.6240355664952517,6.860000133514404,-2.049000024795532,0.4,SDSS+LAM
-27.345171053935506,0.1788216111452775,7.926119378085544,-0.064844350523546,-0.1186807103718603,0.039894077488105,-5.195770482868426,6.360000133514404,-1.7940000295639038,0.4,SDSS+LAM
-27.18530198397828,-0.4650405111918954,7.932599881027667,-0.71008507186412,1.4030512398049853,0.0103110821632652,-12.168772003749964,6.481902122497559,-2.477380990982056,0.4,SDSS+LAM
-27.353279686201606,-0.0450349153928972,7.925792038870026,-0.2886286289808434,-0.0876932837405854,0.0703046582322587,29.09068152250174,8.767911911010742,-2.2004740238189697,0.4,SDSS+LAM
-27.758015611533946,-0.0658910515952188,7.909618920796436,-0.3055999876339396,-0.1011469297510307,0.4638797085406045,11.468685488396671,10.827739715576172,-2.4296278953552246,0.4,SDSS+LAM
-28.209552723139492,0.2880917953246573,7.891957643879079,0.0533382582399017,-0.0870876274297076,0.3327206884395829,-20.466123605358604,13.497879981994627,-1.743311047554016,0.4,SDSS+LAM
-28.38851152253505,0.2541482860519276,7.885068852618096,0.0215319774493308,-0.06056273388839,0.2586757948684103,-8.105854180775566,5.682065010070801,-2.488434076309204,0.4,SDSS+LAM
-26.570240022273527,-2.796079097164,7.958008113101634,-3.0455880742746952,0.1378604470003859,-0.1229257441552619,14.102490886844052,9.90999984741211,-2.0840001106262207,0.4,SDSS+LAM
-28.37101540938854,-0.0821773482890119,7.885739573321308,-0.3150068228238596,0.0434449984168114,0.0430390568757447,2.545668855136512,6.724523067474365,-2.0736119747161865,0.4,SDSS+LAM
-28.681898223639894,0.1274884363978007,7.873910991911709,-0.1014201861121346,0.0123061605046697,0.0753600442429263,-4.755970997176178,3.918018102645874,-2.270447015762329,0.4,SDSS+LAM
-28.57892995315938,-0.0522137752341453,7.877807837554283,-0.2824520090425652,0.0580453246449677,0.1988564860732874,-11.974468014018782,6.260134220123291,-2.2139079570770264,0.4,SDSS+LAM
-28.731915832079476,-0.0022584654957544,7.872025538075285,-0.2305103392500771,-0.0143078136576493,-0.3593996848046966,24.457406518119623,14.88243007659912,-2.40605092048645,0.4,SDSS+LAM
-28.81737543496529,0.0426383370829229,7.868815357373048,-0.1844751514523874,0.0109284162323843,-0.0990241217575506,0.1946582661106788,4.442687034606934,-2.319087028503418,0.4,SDSS+LAM
-28.99390237839003,0.1336001511803126,7.862229373629021,-0.0910978755029161,-0.0411485802858955,-0.1655303132846783,-0.7967168904296926,9.094847679138184,-2.1054630279541016,0.4,SDSS+LAM
-28.930315721093365,0.0111488170889538,7.864594721149634,-0.2144291196496417,-0.0407115252330427,0.1514291188703824,-14.985732596737222,10.175259590148926,-2.348923921585083,0.4,SDSS+LAM
-28.846485214109883,1.292586593796134,7.867725134809423,1.0658655178985967,-1.4284186976064763,0.3405183265161886,5.976885111949642,5.538095951080322,-2.131031036376953,0.4,SDSS+LAM
-32.7663284673442,3.5775913269808632,7.73574108529071,3.420956239109727,-0.3895373909890338,0.0030795683957149,-16.47264438641391,8.943243026733398,-2.0728890895843506,0.4,SDSS+LAM
-29.04628311286353,0.1357507901138626,7.860286775655351,-0.0882141686244127,-0.0048973371548033,0.1732304386625316,3.305727809845706,8.10517406463623,-2.0158920288085938,0.4,SDSS+LAM
-29.367986978103534,-0.0836910759604435,7.848472743253906,-0.3029944938007589,-0.1438753069990124,-0.5299189329511036,-16.623781555405742,9.118165969848633,-2.1244919300079346,0.4,SDSS+LAM
-29.693571185161737,0.0805514484860641,7.836719975393609,-0.1337654680137355,0.0111786266774336,0.0671240955604769,-3.93658537975206,11.869759559631348,-2.095235109329224,0.4,SDSS+LAM
-29.84702232971628,0.0601456592423646,7.831251602298472,-0.1517314171656308,-0.29069786754867,0.1231117841783945,-6.114990594326429,12.731080055236816,-2.2997961044311523,0.4,SDSS+LAM
-29.864822683085546,0.0788149914624655,7.8306202010905555,-0.132775450458273,-0.2957068923825883,0.3046292621456629,1.893879076787201,6.96073579788208,-2.3862979412078857,0.4,SDSS+LAM
-30.801071381966416,1.5350307921617934,7.798265035064091,1.3395064998790904,-0.0607846190600813,0.2714132724548906,6.416615291039271,10.16172981262207,-2.563383102416992,0.4,SDSS+LAM
-30.65749826506492,0.4511730194266698,7.803118141175944,0.2530652578624729,-1.581347019516496,-0.2700141550955784,12.910982851903292,5.753575801849365,-2.1528899669647217,0.4,SDSS+LAM
-29.34531196984139,-0.6343480525730766,7.849298878941767,-0.853988844869715,-0.2946678724106597,-1.1267670097151938,-5.177798157548253,5.148489952087402,-1.2144110202789309,0.4,SDSS+LAM
-29.779932809942984,-0.2342136306097255,7.833636826630167,-0.4471643166846194,-0.1629158130401959,0.0023908321198667,-1.635964526390552,5.219511032104492,-1.977198958396912,0.4,SDSS+LAM
-30.021862452066987,0.0205484441693591,7.825076161633505,-0.1884813119842955,-0.2135248731829788,0.1985009473032724,-7.729079982678016,5.952387809753418,-2.2823610305786133,0.4,SDSS+LAM
-30.081155495130417,-0.0189628765736922,7.822995217878383,-0.2270111007341184,-0.2037635112292433,0.0032628816517079,21.14558519546665,10.231789588928224,-2.1571710109710693,0.4,SDSS+LAM
-30.738913343173515,0.4388793090433521,7.800361312929841,0.2422315212786109,-0.0206558999287063,0.1868946385943804,-24.49747858640894,12.022089958190918,-2.0573480129241943,0.4,SDSS+LAM
-31.218690661417487,1.2757763432643257,7.784370795970478,1.0879912992224494,-0.0573121220079038,0.1044879764469262,9.614548775111205,4.16983699798584,-2.0284619331359863,0.4,SDSS+LAM
-32.32326458540617,2.3552795922160343,7.749205472784792,2.1893811053201158,1.4523440293663148,-1.996175698231227,14.978525030115833,3.092499017715454,-1.9531430006027224,0.4,SDSS+LAM
-32.80861720846295,2.4196564931633797,7.734475033383495,2.263917794383475,1.446346044158032,-0.7236252897788213,-16.18675282432301,9.449999809265137,-0.7749999761581421,0.4,SDSS+LAM
-32.485646209520496,1.5250649653363515,7.744228411381431,1.3625333008472087,0.0348769776918018,0.0128241495005055,-4.568054620148473,6.281293869018555,-2.473630905151367,0.4,SDSS+LAM
-31.57193436780888,0.0002423813439647,7.772875631204989,-0.180752768296711,-0.2341017868208261,-0.0215514073046377,-7.610666506530713,13.66195011138916,-2.1125779151916504,0.4,SDSS+LAM
-32.37612058162134,1.1806375067657706,7.74758002174356,1.015831199868375,-0.1876138774545586,-0.1756212558067908,-0.3317612041386155,4.806739807128906,-1.9387120008468628,0.4,SDSS+LAM
-33.02462194036684,1.5354441373851733,7.728059932602525,1.384314602842598,-0.1687593397111904,-0.1446198216370788,11.49327399207136,7.458908081054687,-2.8117458820343018,0.4,SDSS+LAM
-36.20701786140064,7.213784976966787,7.643449012675492,7.133900846469645,0.4394063782176562,-1.5942967680659264,11.17208635461089,6.670000076293945,-0.9679999947547911,0.4,SDSS+LAM
-36.63926444858637,8.97985721219288,7.633369269613431,8.909717091612013,1.4097654939272442,0.5747860942295379,9.863236646417832,4.5472612380981445,-1.6617889404296875,0.4,SDSS+LAM
-33.680116153108585,4.677068634857508,7.709120158677898,4.540202685963874,-1.5203228847544563,-0.1505473575757477,18.766855121110204,6.3093438148498535,-2.4415268898010254,0.4,SDSS+LAM
-33.35939855241023,1.3262430691225346,7.718287956976395,1.182350427061737,-0.2642059594169055,0.0303839788148307,7.637038905251074,9.332853317260742,-2.4277689456939697,0.4,SDSS+LAM
-33.57196817920612,1.3779796201659045,7.712190446361085,1.2387348513791858,-0.0049252390357654,0.0458320551416938,-1.2685878777527222,14.649999618530272,-1.8289999961853027,0.4,SDSS+LAM
-38.04581060764421,6.448937205032675,7.602871812463865,6.409714778348387,0.5178989243322034,0.1363377881286028,-1.458171278523288,9.739999771118164,-1.6510000228881836,0.4,SDSS+LAM
-38.94670405970236,6.738432668507872,7.585174796216767,6.717983293371122,1.7205527679386368,0.0455204271929909,-19.14547344307156,9.579999923706056,-1.3919999599456787,0.4,SDSS+LAM
-41.41779210122991,6.553157440921631,7.543908305271614,6.577819031408577,-1.1164216381689007,1.7064767218972436,11.867629591149672,9.130000114440918,-1.184999942779541,0.4,SDSS+LAM
-82.03974536371231,-1.9358932990157027,8.397002478901841,0.5492118373705941,0.3194047619529794,0.329615388222483,1.1096963517967993,7.76140022277832,-2.16016697883606,0.4,SDSS+LAM
-81.91992253489775,-1.9460968631019284,8.389770307764564,0.530029422523588,-0.1340493309261567,0.0598593118847731,12.43095484023111,3.5591540336608887,-1.9132050275802608,0.4,SDSS+LAM
-84.51414213218116,-4.879169249656438,8.553922918002225,-2.2155740599817397,0.9465342421823886,-1.8753890435049427,-22.41778637694985,9.100194931030272,-1.73786199092865,0.4,SDSS+LAM
-81.36634010848604,-2.35961103724807,8.3567886480861,0.0746711254988921,0.3482167372989124,0.5935727819798426,-0.9516041908801044,11.560830116271973,-2.540807008743286,0.4,SDSS+LAM
-81.47068647451184,-2.6969963915759743,8.36295144985317,-0.2547823397948057,-0.1297760835442414,0.5516149980051475,12.247750339553832,9.685866355895996,-2.413088083267212,0.4,SDSS+LAM
-79.51963420703949,7.128319605316621,8.251810728049964,9.419097564649435,0.1478107269390953,-0.4092990803649534,25.02126492188205,13.923480033874512,-2.705821990966797,0.4,SDSS+LAM
-80.37948725777717,-1.7643444113602895,8.2997330357108,0.5939556040295944,0.6691861104991332,0.5363298552128459,-5.493161777599937,11.809100151062012,-2.1475090980529785,0.4,SDSS+LAM
-75.02613018700791,-1.6196898813615823,8.02752017767059,0.3035243731037964,0.0098981676336524,0.0909954391280696,2.5143389219748684,8.610709190368652,-2.5804460048675537,0.4,SDSS+LAM
-74.30354357145715,-3.655387767539961,7.99541350128098,-1.7927924487558964,0.1382177662827999,0.5927102203944135,-13.87087293798234,11.99958038330078,-1.7033309936523438,0.4,SDSS+LAM
-73.20243374243294,-2.6414271116309536,7.948529021083424,-0.8715730271757229,1.725040974553811,-1.8506276509490327,-3.386484609859636,4.057474136352539,-1.6766669750213623,0.4,SDSS+LAM
-70.79064746166544,-0.9902592807644258,7.854273261474091,0.5761512127209768,0.2096399269134545,0.0137738774694335,-8.119092258778807,14.458219528198242,-2.355933904647827,0.4,SDSS+LAM
-69.63028945461807,5.957749947282309,7.812964179946584,7.426797092531704,-0.761210768650975,0.0506396418888096,1.6209240080055023,12.489669799804688,-2.213789939880371,0.4,SDSS+LAM
-70.48951091117897,1.359096051285781,7.843303602803048,2.90018222435874,0.1510636346280813,-0.3613765529283957,8.198256561886218,4.282505035400391,-1.6212650537490845,0.4,SDSS+LAM
-68.71006007840546,-1.217476151756513,7.782033274007788,0.174892499201605,0.9920489386949544,-0.1861474603223509,-27.1190561619255,5.862290859222412,-2.0355920791625977,0.4,SDSS+LAM
-67.80875114233713,-1.1273117325401043,7.753288043609155,0.1905838391827745,0.3090429268860326,0.2185274054302732,-4.390433731478765,3.775486946105957,-2.3756721019744877,0.4,SDSS+LAM
-68.28493197716654,-2.160934340425911,7.768284700089458,-0.8037799949186155,1.135192844378384,0.0766471726156402,-1.2041726536680102,10.517290115356444,-2.0905919075012207,0.4,SDSS+LAM
-65.29125190527537,-0.5799213017071728,7.680988389460626,0.5345460633975435,1.1751929786298687,-1.2999764484752332,-28.08891920456947,10.050000190734863,-1.1050000190734863,0.4,SDSS+LAM
-59.10764665910013,8.938713345556145,7.551796097329901,9.60003386264372,0.785413823360491,-1.209172808382169,-28.7304288341988,2.5541210174560547,-1.37362802028656,0.4,SDSS+LAM
-59.06085232450441,9.72986289481388,7.551074279574958,10.38809443696718,1.1909294535714992,0.5731741586769359,19.153474548879032,3.171044111251831,-1.1063560247421265,0.4,SDSS+LAM
-58.63677241264391,9.8802535463965,7.544705240078583,10.5107697641133,1.9763674874994264,1.252136632966695,14.973338349016965,5.549560070037842,-2.014281988143921,0.4,SDSS+LAM
-58.805307370512736,7.881718222224062,7.54719919183823,8.523188268501917,-0.0932689184800734,1.245616139984839,19.828351881260687,6.198927879333496,-2.034995079040528,0.4,SDSS+LAM
-54.12058909045304,6.457842197831516,7.495991150351048,6.828215802420918,1.0787981436814924,1.78436405613408,5.183314389335333,10.760000228881836,-1.121999979019165,0.4,SDSS+LAM
-48.35020595421523,8.517602378862456,7.483984879462316,8.67004620744307,1.323742676388095,0.9435369734754762,-7.726077613036487,8.029999732971191,-0.6890000104904175,0.4,SDSS+LAM
-68.59647597772785,-7.297363374120962,7.778326655916502,-5.914417382760679,-0.2456345544296692,1.4033778454854664,-21.00255204979365,10.56999969482422,-1.2039999961853027,0.4,SDSS+LAM
-67.63132654459274,-4.690532343471561,7.747808723862005,-3.3872104283375166,0.3423348443289598,-1.9336372249739413,16.913542670923555,5.840000152587891,-1.434999942779541,0.4,SDSS+LAM
-61.31433958904754,-8.22252509234581,7.590155917291942,-7.409051033636117,1.7971161433426808,-0.8881927029832615,-26.12190141558812,5.595769882202148,-2.004286050796509,0.4,SDSS+LAM
-60.61635784101749,-0.164539883375202,7.577104451634394,0.5994907819129496,1.6661201680542472,1.8936735951307244,2.880433141724936,8.84000015258789,-0.8539999723434448,0.4,SDSS+LAM
-55.81463337808313,-9.861573426085505,7.510189181625625,-9.40165664589478,1.4577342033113745,-0.635481596223057,21.780474205682715,11.130000114440918,-2.1029999256134038,0.4,SDSS+LAM
-55.54485431199392,-7.593139366798326,7.507601988851776,-7.148169506263485,0.7902638524037888,1.5990194562906954,-8.50343116498416,11.8100004196167,-1.7000000476837158,0.4,SDSS+LAM
-53.00350084147485,-6.316264816600944,7.489287097958158,-5.9990471533418415,-1.169646777682555,0.4099526922477065,4.43844696770331,11.130000114440918,-1.2400000095367432,0.4,SDSS+LAM
-50.571976819087936,-8.320437896589992,7.481970206474248,-8.101174121177076,1.3312277623036248,-0.8270022648594002,2.1416685750483424,9.399999618530272,-1.843000054359436,0.4,SDSS+LAM
-50.05234509080381,-8.096624179218521,7.481697309935291,-7.894923828802367,0.1840997763605596,0.6497541807564209,21.506159014367043,10.720000267028809,-0.6539999842643738,0.4,SDSS+LAM
-49.67953552390499,-9.008180092264151,7.481781392039972,-8.818315982234617,0.4790210752634829,-0.4030237759768591,7.28001980921465,7.210000038146973,-1.1069999933242798,0.4,SDSS+LAM
-49.0485631411557,-8.952043868085248,7.482456501382776,-8.780825118447122,-0.5003890908748598,-1.1795469369214953,-7.849714125793405,8.489999771118164,-1.1740000247955322,0.4,SDSS+LAM
-56.70128675303379,-0.5695778283287722,7.519565324702693,-0.0587946691671428,0.1083281605965114,0.0879447476723326,6.878859149413415,9.130938529968262,-1.7336039543151855,0.4,SDSS+LAM
-56.50633141814888,-0.1374420348731428,7.517388741667378,0.3619321228492055,0.1700680681231947,0.3471799531481466,14.580891631344253,11.593799591064451,-2.465912103652954,0.4,SDSS+LAM
-56.46287381616679,-0.1655266829442379,7.516912400511086,0.3313213137644468,-0.0518296165488143,-0.192457231039395,26.088806728705915,5.437938213348389,-1.970155954360962,0.4,SDSS+LAM
-56.314946333771815,-0.3094423158582758,7.515315107041144,0.178853657431563,0.4247950747637876,0.7569951149191398,6.778760065231836,11.129770278930664,-1.7659850120544434,0.4,SDSS+LAM
-56.24864700192148,-0.2683649674842471,7.514611329153219,0.2161217467315903,-0.0373597836607109,0.6712076251360659,26.345922439671217,11.750570297241213,-1.853407979011536,0.4,SDSS+LAM
-56.51962667164084,-2.196238905887247,7.517535115442011,-1.6960906594053209,0.5766916831302105,1.1695666691986617,12.422406162724515,4.847361087799072,-1.53535795211792,0.4,SDSS+LAM
-55.74625462887612,-0.8721085986925043,7.50952171483855,-0.4160041458031897,0.0560552947486492,-0.556538432438597,-15.44894815402117,11.773759841918944,-2.162774085998535,0.4,SDSS+LAM
-55.783719890158096,-2.72187731664516,7.5098864399564285,-2.263686055551391,-0.889777495566511,-1.0772941034783627,-25.163176138405493,6.889999866485596,-0.6610000133514404,0.4,SDSS+LAM
-55.02102841694711,-2.935258934739429,7.502931690667182,-2.518580898799962,-0.4007194839694579,-0.9531023140039252,18.91114300275903,4.335052013397217,-1.2994070053100586,0.4,SDSS+LAM
-55.533590825831645,-0.3412657495662671,7.507496662856454,0.1030855710187097,0.3130719833585385,-0.1007835172978218,-1.277841764908974,5.907702922821045,-2.1418190002441406,0.4,SDSS+LAM
-52.52613985072077,-0.0762495973410447,7.487064782988232,0.2197673770302877,-0.0717631326218661,0.1909388138585407,-10.687416299864562,10.34000015258789,-2.3559999465942383,0.4,SDSS+LAM
-52.78463383656444,-1.6358745519370022,7.488220466937203,-1.3284924373774625,1.9596612080238351,-1.8791647988972893,25.92096825068857,10.529999732971191,-1.2269999980926514,0.4,SDSS+LAM
-52.94124195155949,-2.443362528989895,7.488975459087571,-2.1289623930051382,1.5596753684993745,1.1043937259717411,6.625886089462956,1.1137850284576416,-2.277941942214966,0.4,SDSS+LAM
-51.7366390315668,-1.3318519065839278,7.484232344052173,-1.0688262518613028,0.2892816360796999,1.184076204332534,6.532141448539374,5.929999828338623,-0.7519999742507935,0.4,SDSS+LAM
-56.12425736380297,3.5942417501923387,7.513311128003896,4.071621383165327,1.016993185575724,-1.6006399950591417,14.623228935289596,15.489999771118164,-0.8700000047683716,0.4,SDSS+LAM
-53.08401019253057,2.926257657439997,7.489699788265214,3.2471418869412005,0.417967196183552,-0.6356482097411287,-5.540673469220646,2.973824977874756,-0.7479550838470459,0.4,SDSS+LAM
-52.166503954170665,0.6234569690678865,7.485644297668373,0.9041208707952656,1.927042598613351,1.8182804778230588,23.662866946956097,6.369999885559082,-1.347000002861023,0.4,SDSS+LAM
-51.17787672808188,-0.1946460042247973,7.482862135270053,0.0466386704422537,0.0080071452567676,-0.0642350153401227,-3.687792743882955,5.920000076293945,-2.190999984741211,0.4,SDSS+LAM
-50.57184805272458,0.0553704739874632,7.48197008257643,0.2746297445072586,-0.955618026546416,-0.5441234089495571,-5.768559553136178,7.25,-0.5899999737739563,0.4,SDSS+LAM
-50.35942092689166,0.1017514600710819,7.481803671594213,0.3136815024042713,0.049938888899085,-0.226833205174238,-9.442407290881462,8.668536186218262,-2.275218963623047,0.4,SDSS+LAM
-50.82527378977887,2.6855672794398884,7.482267931029334,2.913837394710141,1.8949162482030173,-0.8526225752349917,4.534370435245485,9.4399995803833,-0.8980000019073486,0.4,SDSS+LAM
-48.626179809922725,0.1328067812287379,7.483282789783592,0.2924495879237164,0.1176587705222775,0.0044145491863197,4.086266223350528,3.922772884368897,-2.452626943588257,0.4,SDSS+LAM
-48.62358514305245,0.3878047839904415,7.483288793628799,0.5473785984069341,-0.155836108567116,-0.2212914677052159,13.914982739422264,6.50041389465332,-2.3592920303344727,0.4,SDSS+LAM
-48.45261293956465,0.4538919853400578,7.4837093884317,0.608974715692689,0.1836364976977869,-0.2095356868986357,1.594466248710809,8.539999961853027,-2.1679999828338623,0.4,SDSS+LAM
-48.060575926961725,-5.898813890306446,7.484859636518006,-5.753633098626978,1.362520794179603,-1.2538545340271172,-27.712965771691856,8.029999732971191,-1.215999960899353,0.4,SDSS+LAM
-48.90048147396281,-0.2659795250155641,7.482712003710118,-0.0988983739464779,-0.0273548340639857,0.0547186926481899,-11.457746480468684,5.130000114440918,-2.3410000801086426,0.4,SDSS+LAM
-47.46323425908135,-1.6640924989152006,7.487110068970671,-1.5330132027298071,1.4431449732779402,1.2999971342354089,24.930507516241804,5.820000171661377,-0.9110000133514404,0.4,SDSS+LAM
-47.09522737695367,-1.746845718047212,7.48879594828049,-1.6239137211328885,1.622604455149049,-0.0624977369482232,-1.979632071672768,7.079999923706055,-0.7630000114440918,0.4,SDSS+LAM
-48.4873125017245,-0.2441777250707043,7.483620046351219,-0.0881922136294217,-0.0853753714174399,0.0770839547330227,3.964913046813933,5.144734859466553,-2.1671929359436035,0.4,SDSS+LAM
-48.06083059697505,-0.0850899726873785,7.484858805287553,0.0600970784274787,0.1270076361590524,-0.0205255038973969,4.916022068261732,4.603089809417725,-2.285939931869507,0.4,SDSS+LAM
-48.049218636521424,0.1488851451850529,7.484896817233597,0.2937870132307248,-0.0710245749015898,-0.1915870511201657,3.0123365894480543,4.700440883636475,-2.162682056427002,0.4,SDSS+LAM
-48.037757435306325,0.1937223529915679,7.484934558397555,0.3383431866279505,0.0991335623946918,0.0295615758921897,14.939271523732522,3.2734830379486084,-2.525320053100586,0.4,SDSS+LAM
-47.88578103525493,0.0691528635585985,7.485455931197563,0.2100885879211146,0.0630156774393642,-0.1224439030047584,15.063838190325583,9.582365036010742,-2.3263189792633057,0.4,SDSS+LAM
-47.56552521227423,-0.2065485611480111,7.486682023859181,-0.07313407359978,0.2419062885792211,0.2981987591337318,0.1742109052367269,5.66831111907959,-2.674452066421509,0.4,SDSS+LAM
-47.652902395079465,0.0230098072980326,7.486330355173905,0.1584443374636157,0.4394877075751608,-0.4346406002111957,7.105828302041559,8.026758193969727,-2.416835069656372,0.4,SDSS+LAM
-46.90601005711496,-0.6029381565254904,7.489751706419256,-0.4840481200116555,0.0887582677457219,0.090221769940792,4.977046212259559,7.210000038146973,-1.8669999837875368,0.4,SDSS+LAM
-47.04364319711855,-0.1384677840953629,7.489050515779885,-0.0166472839135853,-0.2290760490724004,0.0426319531330814,8.590317391210995,3.9052090644836426,-2.453464984893799,0.4,SDSS+LAM
-47.06772001560224,0.4314354977905126,7.48893113816397,0.5537738814152697,0.3268144295333144,-0.2351238200186624,-3.1109141688114903,9.511700630187988,-1.649778962135315,0.4,SDSS+LAM
-46.75287056720432,0.243303378845008,7.49056947418993,0.3589912385736675,-0.0515899549717788,0.5255998946146986,4.372715140786369,4.8411478996276855,-2.220067977905273,0.4,SDSS+LAM
-46.83226747678737,-0.2127161470348596,7.49014055146955,-0.0953756326848005,0.1461370769106631,0.2156600699394194,9.128714046340626,3.567902088165283,-1.960494041442871,0.4,SDSS+LAM
-46.44201219915071,0.123171392095929,7.492351239068458,0.2325390299463048,0.0640974826485427,-0.1217895920401406,9.875001947682309,5.730419158935547,-1.9904030561447144,0.4,SDSS+LAM
-46.33977276684623,0.0572528966475767,7.492972923694533,0.164591926838323,0.5726612341272403,0.9238160716585292,13.76688596372447,10.99314022064209,-2.0308969020843506,0.4,SDSS+LAM
-46.01480922072717,0.029283307295231,7.495066247623972,0.1303279587893386,-0.0725805397883858,0.3453522062435298,-14.654916136305602,12.951040267944336,-1.90078604221344,0.4,SDSS+LAM
-46.229486365514255,0.2356595541560878,7.493663344689927,0.3408367674807597,0.1037858172580996,-0.055525287074913,6.8183463241689,6.203442096710205,-2.635392904281616,0.4,SDSS+LAM
-45.990977437661215,0.2113992608258337,7.495226793123072,0.3119910841770893,-0.1415653305468129,-0.2655585395286951,-0.3052795649200526,6.024438858032227,-2.553277015686035,0.4,SDSS+LAM
-45.78102244316801,0.0842208219810621,7.496682698636222,0.1808721603416587,0.085381203108616,0.0847891085261735,1.9910722425139653,10.380000114440918,-1.955000042915344,0.4,SDSS+LAM
-44.63019782744531,-5.099225691441685,7.505989421635378,-5.022849637792686,-1.6441905266987025,-1.6290703037159149,2.17464484489361,8.170000076293945,-0.753000020980835,0.4,SDSS+LAM
-45.598683266967306,4.358760808721839,7.498007635921345,4.452057950861783,-1.5845269972820215,-0.2865281291127609,-1.212735533895284,6.21999979019165,-2.1459999084472656,0.4,SDSS+LAM
-48.96045290803048,7.632294963823124,7.482604081662646,7.801041296845192,1.8942686547535068,1.3764156324022925,-28.681932170147974,12.130000114440918,-1.597000002861023,0.4,SDSS+LAM
-43.67075102289117,4.613987100290188,7.515467914604549,4.67466044510661,1.619360607890135,-1.221683048117309,3.5715634343883664,7.940000057220459,-1.7339999675750732,0.4,SDSS+LAM
-44.65315594920626,0.0974370402275308,7.505781795066698,0.1741994490633452,0.0217389632143012,0.0098510575949361,-0.9539399797237068,7.599999904632568,-2.385999917984009,0.4,SDSS+LAM
-44.07892238082049,0.0644180864518114,7.511244051009767,0.131679894239587,0.0537716242372621,-0.0528942861125134,-1.331082886016322,6.429999828338623,-2.0799999237060547,0.4,SDSS+LAM
-42.25454841109074,-0.0651277583009562,7.532329291801972,-0.0269263661758362,0.0294023013742013,-0.0281841332693334,-7.651152704496823,6.599999904632568,-2.1559998989105225,0.4,SDSS+LAM
-41.82894268354124,-2.270225970779653,7.538068284997781,-2.238852055698301,1.2822547725329,0.5910047075817224,14.2937254865235,13.029999732971191,-1.3700000047683716,0.4,SDSS+LAM
-39.909932287264624,-2.0689621136323075,7.567826473545642,-2.07063632811208,-1.30727840127149,-0.1677274776495749,17.915031231538457,5.514129161834717,-2.382469892501831,0.4,SDSS+LAM
-39.339482748955085,1.7176276777934243,7.577904917940779,1.7050162431735956,0.9218245108622288,-1.9945668928715188,15.851807910599426,4.920000076293945,-1.4819999933242798,0.4,SDSS+LAM
-40.09802531840442,4.54142787267543,7.5646276154963985,4.543232885500783,-1.4235071380148367,-0.3122514637952469,21.37247220933888,9.044529914855955,-2.409332036972046,0.4,SDSS+LAM
-37.86739845961503,0.4336182336276118,7.606546087738667,0.3905662154015142,-0.0306799912058153,0.0058866332686082,3.962082920695096,7.150000095367432,-2.21399998664856,0.4,SDSS+LAM
-37.41270088348365,-0.0912944602512667,7.616164802419257,-0.1442429925079817,-0.0383101585718392,0.0616968047983028,4.749712765116421,9.029999732971191,-1.870000004768372,0.4,SDSS+LAM
-36.114529097884,-0.3306091398870846,7.645649244268576,-0.4125865341018463,-0.0688410668031478,0.1031171932705869,8.15831731725011,7.0150299072265625,-2.466921091079712,0.4,SDSS+LAM
-35.39775619978733,0.2245025114831431,7.663221920415348,0.1262532216722661,-0.1949695374054147,-0.0056594073939637,16.935055467373466,4.414414882659912,-2.336311101913452,0.4,SDSS+LAM
-35.5217456540081,0.8476740460750952,7.660115961528556,0.7522422869117645,1.329620253605471,-1.904079373707906,9.040069614029916,12.520000457763672,-2.32699990272522,0.4,SDSS+LAM
-41.06982440833959,-6.175232332066532,7.549078597632842,-6.1563751952103445,0.5253251597761297,-1.6137227212989933,13.053805000672156,5.929999828338623,-0.9810000061988832,0.4,SDSS+LAM
-36.21086937545251,-5.2159373164722975,7.6433577209255485,-5.295734329643238,0.032738582414435,1.7467500673844836,16.282204408657798,8.5600004196167,-1.2130000591278076,0.4,SDSS+LAM
-36.26666970249271,-2.740529040203041,7.64203807799206,-2.819064413379912,0.6572592080073116,-1.7252343981598068,-23.13058100393089,9.239999771118164,-1.4559999704360962,0.4,SDSS+LAM
-31.620659773720003,-5.334239180596581,7.771308467567808,-5.514281340829752,-1.1282696414792763,0.4997247048621545,29.62812056813349,7.630000114440918,-0.9520000219345092,0.4,SDSS+LAM
-32.93260264452991,-0.0410708836379479,7.730782236247666,-0.1941700628582831,0.0004999399617187,-0.0395203711978207,-16.053068105569643,8.154985427856445,-2.0642850399017334,0.4,SDSS+LAM
-32.92766615122184,0.038248100073663,7.730928720838062,-0.1149564907541347,-0.1008842826289839,0.0161452394022069,-5.288687073407466,5.748562812805176,-2.3562979698181152,0.4,SDSS+LAM
-32.22650012627781,0.0333592087211987,7.752194718801177,-0.1345291468157298,-0.0629891468414776,-0.0965151250686485,5.59082061103949,4.0526299476623535,-2.4317541122436523,0.4,SDSS+LAM
-28.31060117049266,-2.302432777394217,7.888060191076253,-2.5359913220292,0.5807301609785727,0.1993608275174753,10.5108254082201,7.120821952819824,-1.629297971725464,0.4,SDSS+LAM
-20.973312152078087,-6.687042358633147,8.225078825395018,-6.900575274269749,1.462913686347278,-0.5424868575440823,-9.66515823070678,5.485711097717285,-1.850139021873474,0.4,SDSS+LAM
-32.85876604597041,1.074607440453253,7.732977962651269,0.9199343309805792,0.2842099651913958,0.4636693652260714,-1.5990786139540276,0.6978967369769006,-2.265299269814342,0.1273492555261454,MMT
-32.37612058353659,1.1806375009730377,7.747580021684745,1.015831194115283,-0.9648444083253738,-0.5935697130242719,-0.7764921867845729,0.5999477327698983,-2.251912751507128,0.1154694443026051,MMT
-31.97550585622656,1.1380353200037996,7.760029958523041,0.9650458439815,-0.761227471502278,-0.3350090127963087,-0.3067153743568127,0.5147330406638029,-2.318379224164873,0.1413422189428351,MMT
-36.017137293400936,0.0793382139935215,7.647982701175675,-0.0048457834254202,-0.8630576434364015,-0.7325165953794558,-3.4260949043301068,0.7577232094443495,-2.139966161640081,0.1702257964280228,MMT
-36.23945782967644,0.0172752992857308,7.642680924879961,-0.061875211553867,-0.836965601790082,-0.9397008667182328,1.2406073627301524,0.8072996557331348,-2.3366973558562214,0.1458017063389414,MMT
-36.75937699971615,0.3777899634958547,7.630627593095647,0.3103431691269099,-0.8279154098876411,-0.4143492773871786,4.224676383296774,0.3272826290409891,-2.336460835035075,0.0852787022012659,MMT
-36.26228080679709,0.4601491662102084,7.642141670509787,0.3815145957320308,-1.0717210498720258,-0.4136945613342042,2.3331336183201827,0.8638258020374766,-2.4556603259622523,0.1493512191616343,MMT
-36.235563867909775,0.5975574372377989,7.642773023420902,0.5183188825780877,-1.4480218661672897,-0.7658910183573333,6.4583205717978345,1.1501150360219872,-2.2603854877191942,0.1889080880519688,MMT
-36.26072156035377,0.2806750702901554,7.642178482212432,0.2020052564291702,-1.0840345786493,-0.3902281102634226,3.3205070006795694,1.0870860635204975,-2.4539746163983587,0.2364525905573995,MMT
-31.2186906633421,1.2757763374852042,7.784370795907204,1.0879912934797336,-1.2742488405174592,-0.7452138816695477,-0.8679418787178363,0.2983783861649991,-2.2459837910362683,0.0556665080218446,MMT
-31.143752546663396,1.225827512238968,7.786839689147456,1.0366299881654704,-1.4637708449275486,-0.4694126302251082,2.269840455462031,0.9118737996255692,-2.0070400399658204,0.1635017168340863,MMT
-30.87207736954798,1.364665715755366,7.795879337422086,1.1704340780435685,-2.1257765134602837,0.0649996070636977,4.40438883855704,0.8187752637790051,-2.183524464151016,0.1280879870345604,MMT
-30.668429035780434,1.092344995620763,7.802747277505793,0.8944324788618634,-0.4453344417398721,-0.1131236824013946,-4.228054733205042,0.7517797844172954,-2.3829106818729144,0.1020684773240337,MMT
-30.757840727458245,0.9123818522795774,7.799722210296389,0.7160753680518417,-1.3436253592991303,-0.6166542123465235,0.3355855403671057,0.3900654045203724,-2.3160489117038594,0.0978632037085465,MMT
-33.77051198628067,1.009318549682242,7.706570337387743,0.8744477524606782,-1.8662859442969344,2.0983353897694426,-0.2225224833796488,1.3292949511775694,-1.872900421802025,0.2714345461175725,MMT
-33.78490717399933,1.6531462737459812,7.706165673004978,1.5185937466091073,-0.64054798924791,-0.6095785939405938,-0.1953171358202965,0.4116565783196463,-2.370576314739981,0.1078997425108807,MMT
-33.35939855432264,1.326243063295507,7.718287956921165,1.1823504212763498,-1.78734131013129,-0.2098280710058531,-0.4377486241990382,0.8472854495919595,-2.2142737514276787,0.1632615976659502,MMT
-33.77525064451447,-0.0719049925950314,7.706437086557457,-0.206671036935331,-0.9746785601258798,0.064926339940989,-1.8360962305439017,0.9726777520232828,-2.31788545692382,0.1589205037347731,MMT
-33.79421071378778,0.2546504667427345,7.705904342709005,0.1203037146389031,-0.9144679319207478,-0.5939436747922002,-3.670142399299827,0.463346009867185,-2.45426952220855,0.0972484680499545,MMT
-33.71927636961658,0.3070516037546556,7.708013712837261,0.1710492304211291,-1.098029313224525,-0.3832798090683255,-3.686177095692884,1.2670885277712718,-2.3042334811350247,0.1492812693801139,MMT
-33.64556488876332,0.056995960547076,7.71009872125251,-0.0806309635471817,-0.1927236817167754,0.2064287288599245,-1.382120785906352,1.0425544475854902,-2.1624194643779626,0.1774420555474669,MMT
-29.86482268498412,0.0788149858461803,7.830620201023239,-0.1327754560439463,-1.1290242040916212,-0.2094165186721454,-1.6535369358188348,0.8621018020106668,-2.452227270556694,0.1293638006465758,MMT
-29.847022331614426,0.0601456536286445,7.831251602231102,-0.1517314227488254,-0.8330639505692288,1.0727156509980087,-5.629193567251434,1.6513415067898431,-2.399994140304245,0.2585925778228924,MMT
-29.787061915675395,0.1480582884491136,7.833382955561746,-0.0647788194385294,-0.8136072303791684,-0.344953355099307,-4.654645131721622,0.755365834372381,-2.4350701610307044,0.1568065341357763,MMT
-29.72721751424717,0.1208500047563904,7.835517079555986,-0.0929367581405937,-0.9849984733497116,0.0888119336335753,-4.889544686176606,0.4975910774913195,-2.373437090840389,0.1040484633285036,MMT
-29.675418784510896,0.03117676234786,7.837369850286291,-0.1834250407465576,-0.7540169677738788,-0.3733462852566003,-4.220529806705358,0.9903382281215172,-2.227185562246954,0.1742184070579383,MMT
-29.36798698000013,-0.0836910815464623,7.848472743184847,-0.3029944993585041,-0.7030068202895308,-0.669715705346326,-3.1770892173005336,0.4210803976304039,-2.222428371783544,0.1300874336085866,MMT
-29.59355571497196,-0.1453587394125313,7.840308520532528,-0.3612353592777071,-0.7678983360748983,-0.5030207017372352,0.1969815909604477,0.1921907106634224,-2.323903758250251,0.0487711426067472,MMT
-29.709495283727392,-0.1125730909412315,7.836150398490541,-0.326639436757401,-1.653371037504722,1.5245405693056977,-5.536124182407335,1.1532425010838232,-2.4160574097409526,0.2505777512037444,MMT
-30.24024900634328,-0.117958342207695,7.8174449562956285,-0.3233340298034879,-0.8237631623631518,-0.538175621979715,-8.142381135674576,1.2531619123895883,-1.9569485151631711,0.25403272301109,MMT
-30.021862453963365,0.0205484385562253,7.8250761615668445,-0.1884813175661646,-1.1545158000903353,-0.1942940366201161,-3.565620861606305,0.8028125884519126,-2.3374858346901557,0.1165502842845999,MMT
-30.13640751629981,0.1560637246818729,7.821062160737946,-0.0510627277838064,-0.8758352049432236,-0.3445408258270207,-3.176226074390115,1.2986203842567734,-2.05274307300578,0.2052504160380232,MMT
-29.574024941493175,1.0040969898203087,7.841011532818901,0.7879186501944563,-1.1669567211681675,0.2519187757230999,-1.2551702124203956,0.8111808618028206,-2.1343058642253294,0.2409305864727392,MMT
-29.47572811103504,0.8024122800451946,7.844560909940728,0.5847297475302915,-0.8971419528543194,0.0048299708019191,-2.560725337943225,0.116106735444771,-2.1156263333071523,0.0339875977983162,MMT
-30.0030429040454,1.171093348139589,7.825738060087096,0.9617537255507,-0.3699146824618982,0.7036058235367514,-4.981419211320159,1.432463465608362,-2.337276961605103,0.1963476262560324,MMT
-45.8920451469873,0.3247490472042211,7.495903534175811,0.4234732959436943,-0.3324731313250515,0.566469514942,2.02951481175268,0.4763542824084889,-2.28299350162836,0.1017482152103567,MMT
-45.724097833662654,0.1768017906465214,7.497090289054585,0.2723994012561064,-0.4161277390746827,-1.3141404671949988,3.1038475371586145,0.9619119779074352,-2.2208542193152048,0.1778512553242328,MMT
-45.67536234453627,-0.0347427521064738,7.497443602163264,0.0599575070090053,-0.7140959725156018,0.273977511144004,-2.36556731237345,0.5313889600207362,-2.42149328275172,0.1058864085861405,MMT
-45.78102244476321,0.0842208162203103,7.496682698624876,0.1808721546105209,-0.5259593135102456,-0.2501524765983057,-4.054924500910431,0.076023014775571,-2.098497954207899,0.0255875427112683,MMT
-45.74694333209294,-0.1500920816066875,7.496926052291696,-0.0540723094253678,-0.8564635542887906,0.0865691333614435,1.3367574866664462,0.9593285261846246,-2.0781637490995166,0.1617013737315887,MMT
-46.151485592022425,-0.1356520799548976,7.494164062345698,-0.0319877117574819,-0.4580762011731938,-1.4936046532551943,2.6188871857532128,1.1018794539488344,-2.206546622900066,0.1458731734768322,MMT
-46.01480922231144,0.0292833015427817,7.495066247613327,0.1303279530670305,-1.0883754916904025,0.639146552145149,0.1867073765094815,1.000241527348611,-2.226486961312013,0.1951122471025413,MMT
-45.990977439256994,0.2113992550497699,7.495226793112288,0.3119910784313082,-0.6054022664754388,0.1700370439777808,0.297866979882194,1.5603740576690024,-2.3829276266134665,0.2172915550513923,MMT
